NAME,Principal_Point_Coordinate_X0_mm,Principal_Point_Coordinate_Y0_mm,Rover_Location_xyz_x_m,Rover_Location_xyz_y_m,Rover_Location_xyz_z_m,camera_center_position_x_m,camera_center_position_y_m,camera_center_position_z_m,camera_rotation_angle_roll,camera_rotation_angle_pitch,camera_rotation_angle_yaw
20220112071215_HX1-Ro_GRAS_NaTeCamA-F-001_SCI_N_20220112071215_20220112071215_00237_A.jpg,-0.010971,0.015313,92.270385,-984.89616,-10.143289,0.23809,-0.587284,1.549838,-54.682938,62.718924,56.906621
20220122134638_HX1-Ro_GRAS_NaTeCamA-F-001_SCI_N_20220122134638_20220122134638_00247_A.jpg,-0.010971,0.015313,143.211949,-1016.19108,-12.014616,0.287333,-0.521828,1.520444,-43.200802,46.027076,53.217203
20220129175005_HX1-Ro_GRAS_NaTeCamA-F-001_SCI_N_20220129175005_20220129175005_00254_A.jpg,-0.010971,0.015313,130.375364,-1073.37624,-11.602299,-0.72915,-0.152399,1.561384,-62.916377,6.272964,89.352727
20220130180124_HX1-Ro_GRAS_NaTeCamA-F-001_SCI_N_20220130180124_20220130180124_00255_A.jpg,-0.010971,0.015313,130.375364,-1073.37624,-11.602299,-0.445325,-0.374424,1.570056,68.100805,37.249035,-77.896943
20220110055223_HX1-Ro_GRAS_NaTeCamA-F-002_SCI_N_20220110055223_20220110055223_00235_A.jpg,-0.010971,0.015313,92.270385,-984.89616,-10.143289,-0.044801,-0.774525,1.554728,-49.516514,-60.29406,129.962991
20220112071350_HX1-Ro_GRAS_NaTeCamA-F-002_SCI_N_20220112071350_20220112071350_00237_A.jpg,-0.010971,0.015313,92.270385,-984.89616,-10.143289,0.152559,-0.555438,1.552679,-72.319338,36.174366,78.808645
20220113075009_HX1-Ro_GRAS_NaTeCamA-F-002_SCI_N_20220113075009_20220113075009_00238_A.jpg,-0.010971,0.015313,106.456076,-998.553898,-10.684802,0.582496,-0.567858,1.535353,51.061138,-56.378133,-120.884143
20220117102921_HX1-Ro_GRAS_NaTeCamA-F-002_SCI_N_20220117102921_20220117102921_00242_A.jpg,-0.010971,0.015313,127.697072,-1008.003071,-11.462616,0.556433,-0.3423,1.52727,-45.852699,-60.682793,133.1845
20220119114707_HX1-Ro_GRAS_NaTeCamA-F-002_SCI_N_20220119114707_20220119114707_00244_A.jpg,-0.010971,0.015313,143.211949,-1016.19108,-12.014616,0.253842,-0.530378,1.5418,-63.672702,38.67041,73.539548
20220122134813_HX1-Ro_GRAS_NaTeCamA-F-002_SCI_N_20220122134813_20220122134813_00247_A.jpg,-0.010971,0.015313,143.211949,-1016.19108,-12.014616,0.184834,-0.520807,1.521651,-57.094766,23.082415,76.551064
20220123142439_HX1-Ro_GRAS_NaTeCamA-F-002_SCI_N_20220123142439_20220123142439_00248_A.jpg,-0.010971,0.015313,149.077243,-1049.057057,-12.235796,0.050686,-0.569564,1.559605,-73.214986,-7.717985,92.451047
20220125154340_HX1-Ro_GRAS_NaTeCamA-F-002_SCI_N_20220125154340_20220125154340_00250_A.jpg,-0.010971,0.015313,141.324657,-1068.28289,-11.965429,-0.401691,-0.566831,1.546582,-72.118243,-2.78477,94.172896
20220129175140_HX1-Ro_GRAS_NaTeCamA-F-002_SCI_N_20220129175140_20220129175140_00254_A.jpg,-0.010971,0.015313,130.375364,-1073.37624,-11.602299,-0.795285,-0.231088,1.563603,-60.46679,-19.242245,104.950614
20220130180259_HX1-Ro_GRAS_NaTeCamA-F-002_SCI_N_20220130180259_20220130180259_00255_A.jpg,-0.010971,0.015313,130.375364,-1073.37624,-11.602299,-0.438732,-0.283364,1.571565,51.943103,64.269101,-56.903961
20220110055358_HX1-Ro_GRAS_NaTeCamA-F-003_SCI_N_20220110055358_20220110055358_00235_A.jpg,-0.010971,0.015313,92.270385,-984.89616,-10.143289,-0.00021,-0.858259,1.554254,16.180054,-69.319782,-158.715739
20220112071525_HX1-Ro_GRAS_NaTeCamA-F-003_SCI_N_20220112071525_20220112071525_00237_A.jpg,-0.010971,0.015313,92.270385,-984.89616,-10.143289,0.06229,-0.570428,1.556406,-76.536953,7.652748,88.550505
20220113075144_HX1-Ro_GRAS_NaTeCamA-F-003_SCI_N_20220113075144_20220113075144_00238_A.jpg,-0.010971,0.015313,106.456076,-998.553898,-10.684802,0.675813,-0.586363,1.533663,65.395014,-30.382301,-100.144031
20220117103056_HX1-Ro_GRAS_NaTeCamA-F-003_SCI_N_20220117103056_20220117103056_00242_A.jpg,-0.010971,0.015313,127.697072,-1008.003071,-11.462616,0.603207,-0.425152,1.526152,19.83519,-68.002749,-155.714542
20220119114842_HX1-Ro_GRAS_NaTeCamA-F-003_SCI_N_20220119114842_20220119114842_00244_A.jpg,-0.010971,0.015313,143.211949,-1016.19108,-12.014616,0.160074,-0.54494,1.543039,-69.709652,11.394352,86.750053
20220122134948_HX1-Ro_GRAS_NaTeCamA-F-003_SCI_N_20220122134948_20220122134948_00247_A.jpg,-0.010971,0.015313,143.211949,-1016.19108,-12.014616,0.094399,-0.57158,1.523164,-60.308428,-2.587004,92.59538
20220123142614_HX1-Ro_GRAS_NaTeCamA-F-003_SCI_N_20220123142614_20220123142614_00248_A.jpg,-0.010971,0.015313,149.077243,-1049.057057,-12.235796,0.00119,-0.65062,1.56539,-69.687959,-35.406632,104.396065
20220125154515_HX1-Ro_GRAS_NaTeCamA-F-003_SCI_N_20220125154515_20220125154515_00250_A.jpg,-0.010971,0.015313,141.324657,-1068.28289,-11.965429,-0.457047,-0.644218,1.547208,-67.858433,-30.368321,106.034455
20220129175315_HX1-Ro_GRAS_NaTeCamA-F-003_SCI_N_20220129175315_20220129175315_00254_A.jpg,-0.010971,0.015313,130.375364,-1073.37624,-11.602299,-0.813633,-0.332863,1.562557,-48.190772,-42.854969,126.84683
20220130180434_HX1-Ro_GRAS_NaTeCamA-F-003_SCI_N_20220130180434_20220130180434_00255_A.jpg,-0.010971,0.015313,130.375364,-1073.37624,-11.602299,-0.47836,-0.2009,1.575589,-32.395307,73.650223,31.823548
20220110055533_HX1-Ro_GRAS_NaTeCamA-F-004_SCI_N_20220110055533_20220110055533_00235_A.jpg,-0.010971,0.015313,92.270385,-984.89616,-10.143289,0.080803,-0.90917,1.551875,56.741292,-49.06758,-112.299693
20220112071700_HX1-Ro_GRAS_NaTeCamA-F-004_SCI_N_20220112071700_20220112071700_00237_A.jpg,-0.010971,0.015313,92.270385,-984.89616,-10.143289,-0.008815,-0.628881,1.560043,-75.986416,-21.295804,96.786219
20220113075319_HX1-Ro_GRAS_NaTeCamA-F-004_SCI_N_20220113075319_20220113075319_00238_A.jpg,-0.010971,0.015313,106.456076,-998.553898,-10.684802,0.766465,-0.555734,1.531437,68.40456,-2.48286,-88.590237
20220117103231_HX1-Ro_GRAS_NaTeCamA-F-004_SCI_N_20220117103231_20220117103231_00242_A.jpg,-0.010971,0.015313,127.697072,-1008.003071,-11.462616,0.685511,-0.473968,1.524202,57.617434,-47.357122,-112.277262
20220119115017_HX1-Ro_GRAS_NaTeCamA-F-004_SCI_N_20220119115017_20220119115017_00244_A.jpg,-0.010971,0.015313,143.211949,-1016.19108,-12.014616,0.085202,-0.604946,1.544448,-69.46191,-16.723866,97.467977
20220122135123_HX1-Ro_GRAS_NaTeCamA-F-004_SCI_N_20220122135123_20220122135123_00247_A.jpg,-0.010971,0.015313,143.211949,-1016.19108,-12.014616,0.041648,-0.660526,1.524563,-56.060714,-28.049097,109.15621
20220123142749_HX1-Ro_GRAS_NaTeCamA-F-004_SCI_N_20220123142749_20220123142749_00248_A.jpg,-0.010971,0.015313,149.077243,-1049.057057,-12.235796,-0.001365,-0.74624,1.568721,-52.058411,-61.10656,128.608494
20220125154650_HX1-Ro_GRAS_NaTeCamA-F-004_SCI_N_20220125154650_20220125154650_00250_A.jpg,-0.010971,0.015313,141.324657,-1068.28289,-11.965429,-0.466651,-0.739176,1.54527,-51.46301,-55.826384,128.205428
20220130180609_HX1-Ro_GRAS_NaTeCamA-F-004_SCI_N_20220130180609_20220130180609_00255_A.jpg,-0.010971,0.015313,130.375364,-1073.37624,-11.602299,-0.554292,-0.149034,1.581092,-70.578701,49.70892,74.591624
20220112071835_HX1-Ro_GRAS_NaTeCamA-F-005_SCI_N_20220112071835_20220112071835_00237_A.jpg,-0.010971,0.015313,92.270385,-984.89616,-10.143289,-0.041048,-0.714852,1.562584,-69.079901,-49.638891,109.065304
20220117103406_HX1-Ro_GRAS_NaTeCamA-F-005_SCI_N_20220117103406_20220117103406_00242_A.jpg,-0.010971,0.015313,127.697072,-1008.003071,-11.462616,0.780938,-0.475194,1.521949,66.778688,-20.393277,-96.371974
20220119115152_HX1-Ro_GRAS_NaTeCamA-F-005_SCI_N_20220119115152_20220119115152_00244_A.jpg,-0.010971,0.015313,143.211949,-1016.19108,-12.014616,0.050472,-0.694126,1.545635,-62.15437,-44.079739,111.954115
20220122135258_HX1-Ro_GRAS_NaTeCamA-F-005_SCI_N_20220122135258_20220122135258_00247_A.jpg,-0.010971,0.015313,143.211949,-1016.19108,-12.014616,0.040385,-0.763936,1.525477,-39.159899,-50.420726,135.509232
20220123142924_HX1-Ro_GRAS_NaTeCamA-F-005_SCI_N_20220123142924_20220123142924_00248_A.jpg,-0.010971,0.015313,149.077243,-1049.057057,-12.235796,0.043947,-0.830263,1.568673,16.634702,-70.183034,-156.776091
20220125154825_HX1-Ro_GRAS_NaTeCamA-F-005_SCI_N_20220125154825_20220125154825_00250_A.jpg,-0.010971,0.015313,141.324657,-1068.28289,-11.965429,-0.427372,-0.826637,1.541253,5.434561,-67.903414,-169.7651
20220130180744_HX1-Ro_GRAS_NaTeCamA-F-005_SCI_N_20220130180744_20220130180744_00255_A.jpg,-0.010971,0.015313,130.375364,-1073.37624,-11.602299,-0.645725,-0.142214,1.586563,-77.22902,21.326619,86.722302
20220112072010_HX1-Ro_GRAS_NaTeCamA-F-006_SCI_N_20220112072010_20220112072010_00237_A.jpg,-0.010971,0.015313,92.270385,-984.89616,-10.143289,-0.026043,-0.805465,1.563362,-30.823629,-73.348826,151.803836
20220117103541_HX1-Ro_GRAS_NaTeCamA-F-006_SCI_N_20220117103541_20220117103541_00242_A.jpg,-0.010971,0.015313,127.697072,-1008.003071,-11.462616,0.864654,-0.428329,1.519982,68.023754,7.699336,-85.524035
20220119115327_HX1-Ro_GRAS_NaTeCamA-F-006_SCI_N_20220119115327_20220119115327_00244_A.jpg,-0.010971,0.015313,143.211949,-1016.19108,-12.014616,0.06495,-0.788766,1.546286,-31.138234,-66.688614,148.852444
20220122135433_HX1-Ro_GRAS_NaTeCamA-F-006_SCI_N_20220122135433_20220122135433_00247_A.jpg,-0.010971,0.015313,143.211949,-1016.19108,-12.014616,0.090947,-0.854155,1.525662,3.843793,-60.033555,-173.099665
20220123143059_HX1-Ro_GRAS_NaTeCamA-F-006_SCI_N_20220123143059_20220123143059_00248_A.jpg,-0.010971,0.015313,149.077243,-1049.057057,-12.235796,0.125492,-0.880733,1.565247,56.658472,-49.22286,-110.601761
20220130180919_HX1-Ro_GRAS_NaTeCamA-F-006_SCI_N_20220130180919_20220130180919_00255_A.jpg,-0.010971,0.015313,130.375364,-1073.37624,-11.602299,-0.728389,-0.182053,1.590553,-77.609513,-7.538022,94.91212
20220112072145_HX1-Ro_GRAS_NaTeCamA-F-007_SCI_N_20220112072145_20220112072145_00237_A.jpg,-0.010971,0.015313,92.270385,-984.89616,-10.143289,0.032214,-0.876506,1.562168,52.584903,-64.020155,-120.46872
20220119115502_HX1-Ro_GRAS_NaTeCamA-F-007_SCI_N_20220119115502_20220119115502_00244_A.jpg,-0.010971,0.015313,143.211949,-1016.19108,-12.014616,0.124519,-0.863321,1.546229,38.894348,-63.71821,-135.571548
20220122135608_HX1-Ro_GRAS_NaTeCamA-F-007_SCI_N_20220122135608_20220122135608_00247_A.jpg,-0.010971,0.015313,143.211949,-1016.19108,-12.014616,0.179544,-0.90698,1.525071,42.214497,-47.057686,-126.270347
20220130181054_HX1-Ro_GRAS_NaTeCamA-F-007_SCI_N_20220130181054_20220130181054_00255_A.jpg,-0.010971,0.015313,130.375364,-1073.37624,-11.602299,-0.780189,-0.257927,1.591995,-73.186932,-36.130558,104.755758
20220112072320_HX1-Ro_GRAS_NaTeCamA-F-008_SCI_N_20220112072320_20220112072320_00237_A.jpg,-0.010971,0.015313,92.270385,-984.89616,-10.143289,0.118103,-0.908929,1.559322,69.035082,-36.903567,-99.242745
20220119115637_HX1-Ro_GRAS_NaTeCamA-F-008_SCI_N_20220119115637_20220119115637_00244_A.jpg,-0.010971,0.015313,143.211949,-1016.19108,-12.014616,0.213885,-0.898358,1.545474,62.908868,-39.430926,-105.516901
20220122135743_HX1-Ro_GRAS_NaTeCamA-F-008_SCI_N_20220122135743_20220122135743_00247_A.jpg,-0.010971,0.015313,143.211949,-1016.19108,-12.014616,0.283251,-0.908483,1.523855,56.077158,-23.6979,-102.590777
20220130181229_HX1-Ro_GRAS_NaTeCamA-F-008_SCI_N_20220130181229_20220130181229_00255_A.jpg,-0.010971,0.015313,130.375364,-1073.37624,-11.602299,-0.787236,-0.349494,1.590502,-54.985972,-62.716203,127.15003
20220112072455_HX1-Ro_GRAS_NaTeCamA-F-009_SCI_N_20220112072455_20220112072455_00237_A.jpg,-0.010971,0.015313,92.270385,-984.89616,-10.143289,0.20867,-0.894094,1.555585,72.319866,-8.191215,-89.799647
20220122135918_HX1-Ro_GRAS_NaTeCamA-F-009_SCI_N_20220122135918_20220122135918_00247_A.jpg,-0.010971,0.015313,143.211949,-1016.19108,-12.014616,0.373532,-0.858055,1.522346,58.919578,1.93635,-86.630494
20220130181404_HX1-Ro_GRAS_NaTeCamA-F-009_SCI_N_20220130181404_20220130181404_00255_A.jpg,-0.010971,0.015313,130.375364,-1073.37624,-11.602299,-0.747671,-0.432288,1.586475,22.024318,-71.571229,-152.05253
20220112072630_HX1-Ro_GRAS_NaTeCamA-F-010_SCI_N_20220112072630_20220112072630_00237_A.jpg,-0.010971,0.015313,92.270385,-984.89616,-10.143289,0.279695,-0.835966,1.551956,70.928999,20.643439,-81.501235
20220122140053_HX1-Ro_GRAS_NaTeCamA-F-010_SCI_N_20220122140053_20220122140053_00247_A.jpg,-0.010971,0.015313,143.211949,-1016.19108,-12.014616,0.426546,-0.769266,1.520946,54.323919,27.34074,-70.029433
20220130181539_HX1-Ro_GRAS_NaTeCamA-F-010_SCI_N_20220130181539_20220130181539_00255_A.jpg,-0.010971,0.015313,130.375364,-1073.37624,-11.602299,-0.672075,-0.484167,1.580991,61.30205,-48.894562,-108.844257
20220112072805_HX1-Ro_GRAS_NaTeCamA-F-011_SCI_N_20220112072805_20220112072805_00237_A.jpg,-0.010971,0.015313,92.270385,-984.89616,-10.143289,0.312183,-0.750091,1.549406,62.895868,48.784073,-68.637335
20220122140228_HX1-Ro_GRAS_NaTeCamA-F-011_SCI_N_20220122140228_20220122140228_00247_A.jpg,-0.010971,0.015313,143.211949,-1016.19108,-12.014616,0.428116,-0.66586,1.520028,37.227068,49.532509,-43.740541
20220130181714_HX1-Ro_GRAS_NaTeCamA-F-011_SCI_N_20220130181714_20220130181714_00255_A.jpg,-0.010971,0.015313,130.375364,-1073.37624,-11.602299,-0.580662,-0.491259,1.575516,69.660914,-20.812055,-95.771868
20220112072940_HX1-Ro_GRAS_NaTeCamA-F-012_SCI_N_20220112072940_20220112072940_00237_A.jpg,-0.010971,0.015313,92.270385,-984.89616,-10.143289,0.297446,-0.659434,1.548617,24.327539,71.746426,-26.045802
20220122140403_HX1-Ro_GRAS_NaTeCamA-F-012_SCI_N_20220122140403_20220122140403_00247_A.jpg,-0.010971,0.015313,143.211949,-1016.19108,-12.014616,0.377822,-0.575492,1.519838,-4.786305,59.052778,6.418008
20220130181849_HX1-Ro_GRAS_NaTeCamA-F-012_SCI_N_20220130181849_20220130181849_00255_A.jpg,-0.010971,0.015313,130.375364,-1073.37624,-11.602299,-0.497881,-0.451665,1.571514,71.257186,8.012344,-87.445488
20220112071232_HX1-Ro_GRAS_NaTeCamB-F-001_SCI_N_20220112071232_20220112071232_00237_A.jpg,0.010239,0.022188,92.270385,-984.89616,-10.143289,-0.003443,-0.687954,1.55383,-54.796861,62.679308,56.965366
20220122134655_HX1-Ro_GRAS_NaTeCamB-F-001_SCI_N_20220122134655_20220122134655_00247_A.jpg,0.010239,0.022188,143.211949,-1016.19108,-12.014616,0.069936,-0.667501,1.517854,-43.279569,45.990926,53.231384
20220129175022_HX1-Ro_GRAS_NaTeCamB-F-001_SCI_N_20220129175022_20220129175022_00254_A.jpg,0.010239,0.022188,130.375364,-1073.37624,-11.602299,-0.755778,-0.41254,1.551084,-62.939408,6.211519,89.312743
20220130180141_HX1-Ro_GRAS_NaTeCamB-F-001_SCI_N_20220130180141_20220130180141_00255_A.jpg,0.010239,0.022188,130.375364,-1073.37624,-11.602299,-0.609644,-0.170856,1.576966,68.111832,37.314018,-77.946111
20220110055240_HX1-Ro_GRAS_NaTeCamB-F-002_SCI_N_20220110055240_20220110055240_00235_A.jpg,0.010239,0.022188,92.270385,-984.89616,-10.143289,0.196916,-0.873752,1.54005,-49.470794,-60.355602,129.960227
20220112071407_HX1-Ro_GRAS_NaTeCamB-F-002_SCI_N_20220112071407_20220112071407_00237_A.jpg,0.010239,0.022188,92.270385,-984.89616,-10.143289,-0.007089,-0.762791,1.555095,-72.361122,36.118141,78.790803
20220113075026_HX1-Ro_GRAS_NaTeCamB-F-002_SCI_N_20220113075026_20220113075026_00238_A.jpg,0.010239,0.022188,106.456076,-998.553898,-10.684802,0.812307,-0.443333,1.522362,51.152645,-56.336543,-120.850451
20220117102938_HX1-Ro_GRAS_NaTeCamB-F-002_SCI_N_20220117102938_20220117102938_00242_A.jpg,0.010239,0.022188,127.697072,-1008.003071,-11.462616,0.800632,-0.435562,1.514708,-45.799424,-60.742964,133.188477
20220119114724_HX1-Ro_GRAS_NaTeCamB-F-002_SCI_N_20220119114724_20220119114724_00244_A.jpg,0.010239,0.022188,143.211949,-1016.19108,-12.014616,0.080539,-0.726453,1.538778,-63.722327,38.617519,73.528049
20220122134830_HX1-Ro_GRAS_NaTeCamB-F-002_SCI_N_20220122134830_20220122134830_00247_A.jpg,0.010239,0.022188,143.211949,-1016.19108,-12.014616,0.068143,-0.755034,1.518637,-57.13382,23.027565,76.52387
20220123142456_HX1-Ro_GRAS_NaTeCamB-F-002_SCI_N_20220123142456_20220123142456_00248_A.jpg,0.010239,0.022188,149.077243,-1049.057057,-12.235796,0.087723,-0.828632,1.559083,-73.234709,-7.780577,92.4059
20220125154357_HX1-Ro_GRAS_NaTeCamB-F-002_SCI_N_20220125154357_20220125154357_00250_A.jpg,0.010239,0.022188,141.324657,-1068.28289,-11.965429,-0.383587,-0.827522,1.532409,-72.135916,-2.847922,94.129539
20220129175157_HX1-Ro_GRAS_NaTeCamB-F-002_SCI_N_20220129175157_20220129175157_00254_A.jpg,0.010239,0.022188,130.375364,-1073.37624,-11.602299,-0.689582,-0.469624,1.546039,-60.491583,-19.231994,104.854481
20220130180316_HX1-Ro_GRAS_NaTeCamB-F-002_SCI_N_20220130180316_20220130180316_00255_A.jpg,0.010239,0.022188,130.375364,-1073.37624,-11.602299,-0.682203,-0.18825,1.580833,52.012818,64.258935,-57.033166
20220110055415_HX1-Ro_GRAS_NaTeCamB-F-003_SCI_N_20220110055415_20220110055415_00235_A.jpg,0.010239,0.022188,92.270385,-984.89616,-10.143289,0.25873,-0.824526,1.536913,16.365653,-69.317971,-158.584588
20220112071542_HX1-Ro_GRAS_NaTeCamB-F-003_SCI_N_20220112071542_20220112071542_00237_A.jpg,0.010239,0.022188,92.270385,-984.89616,-10.143289,0.02721,-0.829913,1.554771,-76.565485,7.504979,88.535697
20220113075201_HX1-Ro_GRAS_NaTeCamB-F-003_SCI_N_20220113075201_20220113075201_00238_A.jpg,0.010239,0.022188,106.456076,-998.553898,-10.684802,0.81331,-0.364029,1.521388,65.432921,-30.32547,-100.167363
20220117103113_HX1-Ro_GRAS_NaTeCamB-F-003_SCI_N_20220117103113_20220117103113_00242_A.jpg,0.010239,0.022188,127.697072,-1008.003071,-11.462616,0.861437,-0.384653,1.513282,20.009676,-67.997516,-155.595249
20220119114859_HX1-Ro_GRAS_NaTeCamB-F-003_SCI_N_20220119114859_20220119114859_00244_A.jpg,0.010239,0.022188,143.211949,-1016.19108,-12.014616,0.106695,-0.801112,1.539117,-69.735825,11.334009,86.712723
20220122135005_HX1-Ro_GRAS_NaTeCamB-F-003_SCI_N_20220122135005_20220122135005_00247_A.jpg,0.010239,0.022188,143.211949,-1016.19108,-12.014616,0.110692,-0.83274,1.518808,-60.327832,-2.649646,92.552005
20220123142631_HX1-Ro_GRAS_NaTeCamB-F-003_SCI_N_20220123142631_20220123142631_00248_A.jpg,0.010239,0.022188,149.077243,-1049.057057,-12.235796,0.161659,-0.857112,1.555403,-69.695527,-35.471914,104.349189
20220125154532_HX1-Ro_GRAS_NaTeCamB-F-003_SCI_N_20220125154532_20220125154532_00250_A.jpg,0.010239,0.022188,141.324657,-1068.28289,-11.965429,-0.311863,-0.861129,1.528238,-67.863413,-30.433752,105.989447
20220129175332_HX1-Ro_GRAS_NaTeCamB-F-003_SCI_N_20220129175332_20220129175332_00254_A.jpg,0.010239,0.022188,130.375364,-1073.37624,-11.602299,-0.602732,-0.486253,1.540631,-48.164507,-42.917654,126.822217
20220130180451_HX1-Ro_GRAS_NaTeCamB-F-003_SCI_N_20220130180451_20220130180451_00255_A.jpg,0.010239,0.022188,130.375364,-1073.37624,-11.602299,-0.737031,-0.239936,1.582955,-32.62294,73.636429,31.99948
20220110055550_HX1-Ro_GRAS_NaTeCamB-F-004_SCI_N_20220110055550_20220110055550_00235_A.jpg,0.010239,0.022188,92.270385,-984.89616,-10.143289,0.288117,-0.750384,1.534659,56.808311,-49.018899,-112.291568
20220112071717_HX1-Ro_GRAS_NaTeCamB-F-004_SCI_N_20220112071717_20220112071717_00237_A.jpg,0.010239,0.022188,92.270385,-984.89616,-10.143289,0.090423,-0.870935,1.552934,-76.002258,-21.359694,96.73797
20220113075336_HX1-Ro_GRAS_NaTeCamB-F-004_SCI_N_20220113075336_20220113075336_00238_A.jpg,0.010239,0.022188,106.456076,-998.553898,-10.684802,0.774449,-0.294348,1.521347,68.425254,-2.420633,-88.63184
20220117103248_HX1-Ro_GRAS_NaTeCamB-F-004_SCI_N_20220117103248_20220117103248_00242_A.jpg,0.010239,0.022188,127.697072,-1008.003071,-11.462616,0.888966,-0.30977,1.512645,57.682227,-47.308425,-112.272107
20220119115034_HX1-Ro_GRAS_NaTeCamB-F-004_SCI_N_20220119115034_20220119115034_00244_A.jpg,0.010239,0.022188,143.211949,-1016.19108,-12.014616,0.167235,-0.853396,1.538854,-69.476526,-16.787928,97.421276
20220122135140_HX1-Ro_GRAS_NaTeCamB-F-004_SCI_N_20220122135140_20220122135140_00247_A.jpg,0.010239,0.022188,143.211949,-1016.19108,-12.014616,0.186181,-0.878609,1.518312,-56.061535,-28.114665,109.113336
20220123142806_HX1-Ro_GRAS_NaTeCamB-F-004_SCI_N_20220123142806_20220123142806_00248_A.jpg,0.010239,0.022188,149.077243,-1049.057057,-12.235796,0.24032,-0.844878,1.550077,-52.014547,-61.16862,128.604421
20220125154707_HX1-Ro_GRAS_NaTeCamB-F-004_SCI_N_20220125154707_20220125154707_00250_A.jpg,0.010239,0.022188,141.324657,-1068.28289,-11.965429,-0.232639,-0.854523,1.524728,-51.42607,-55.888593,128.193513
20220130180626_HX1-Ro_GRAS_NaTeCamB-F-004_SCI_N_20220130180626_20220130180626_00255_A.jpg,0.010239,0.022188,130.375364,-1073.37624,-11.602299,-0.758786,-0.312337,1.582718,-70.637083,49.655321,74.59365
20220112071852_HX1-Ro_GRAS_NaTeCamB-F-005_SCI_N_20220112071852_20220112071852_00237_A.jpg,0.010239,0.022188,92.270385,-984.89616,-10.143289,0.165644,-0.874885,1.550074,-69.081182,-49.704458,109.02184
20220117103423_HX1-Ro_GRAS_NaTeCamB-F-005_SCI_N_20220117103423_20220117103423_00242_A.jpg,0.010239,0.022188,127.697072,-1008.003071,-11.462616,0.875507,-0.231341,1.512976,66.80952,-20.334419,-96.403733
20220119115209_HX1-Ro_GRAS_NaTeCamB-F-005_SCI_N_20220119115209_20220119115209_00244_A.jpg,0.010239,0.022188,143.211949,-1016.19108,-12.014616,0.245601,-0.868355,1.538055,-62.150918,-44.145265,111.914029
20220122135315_HX1-Ro_GRAS_NaTeCamB-F-005_SCI_N_20220122135315_20220122135315_00247_A.jpg,0.010239,0.022188,143.211949,-1016.19108,-12.014616,0.274485,-0.880635,1.517283,-39.11518,-50.479793,135.501225
20220123142941_HX1-Ro_GRAS_NaTeCamB-F-005_SCI_N_20220123142941_20220123142941_00248_A.jpg,0.010239,0.022188,149.077243,-1049.057057,-12.235796,0.302279,-0.794918,1.544545,17.032702,-70.150988,-156.416272
20220125154842_HX1-Ro_GRAS_NaTeCamB-F-005_SCI_N_20220125154842_20220125154842_00250_A.jpg,0.010239,0.022188,141.324657,-1068.28289,-11.965429,-0.166917,-0.808962,1.522822,5.606539,-67.914208,-169.648235
20220130180801_HX1-Ro_GRAS_NaTeCamB-F-005_SCI_N_20220130180801_20220130180801_00255_A.jpg,0.010239,0.022188,130.375364,-1073.37624,-11.602299,-0.741524,-0.38567,1.580187,-77.256589,21.266287,86.689826
20220112072027_HX1-Ro_GRAS_NaTeCamB-F-006_SCI_N_20220112072027_20220112072027_00237_A.jpg,0.010239,0.022188,92.270385,-984.89616,-10.143289,0.232757,-0.840708,1.546957,-30.670026,-73.397488,151.908529
20220117103558_HX1-Ro_GRAS_NaTeCamB-F-006_SCI_N_20220117103558_20220117103558_00242_A.jpg,0.010239,0.022188,127.697072,-1008.003071,-11.462616,0.824414,-0.169803,1.514192,68.041231,7.76258,-85.568874
20220119115344_HX1-Ro_GRAS_NaTeCamB-F-006_SCI_N_20220119115344_20220119115344_00244_A.jpg,0.010239,0.022188,143.211949,-1016.19108,-12.014616,0.320979,-0.842151,1.536934,-31.033597,-66.739493,148.906069
20220122135450_HX1-Ro_GRAS_NaTeCamB-F-006_SCI_N_20220122135450_20220122135450_00247_A.jpg,0.010239,0.022188,143.211949,-1016.19108,-12.014616,0.351817,-0.838442,1.515999,3.834113,-60.05451,-173.190963
20220123143116_HX1-Ro_GRAS_NaTeCamB-F-006_SCI_N_20220123143116_20220123143116_00248_A.jpg,0.010239,0.022188,149.077243,-1049.057057,-12.235796,0.330967,-0.720591,1.540285,56.723465,-49.172899,-110.595051
20220130180936_HX1-Ro_GRAS_NaTeCamB-F-006_SCI_N_20220130180936_20220130180936_00255_A.jpg,0.010239,0.022188,130.375364,-1073.37624,-11.602299,-0.689981,-0.440516,1.576043,-77.626498,-7.601396,94.867394
20220112072202_HX1-Ro_GRAS_NaTeCamB-F-007_SCI_N_20220112072202_20220112072202_00237_A.jpg,0.010239,0.022188,92.270385,-984.89616,-10.143289,0.273823,-0.777519,1.544415,52.699831,-63.978187,-120.407912
20220119115519_HX1-Ro_GRAS_NaTeCamB-F-007_SCI_N_20220119115519_20220119115519_00244_A.jpg,0.010239,0.022188,143.211949,-1016.19108,-12.014616,0.373056,-0.782026,1.535794,39.028825,-63.69081,-135.493475
20220122135625_HX1-Ro_GRAS_NaTeCamB-F-007_SCI_N_20220122135625_20220122135625_00247_A.jpg,0.010239,0.022188,143.211949,-1016.19108,-12.014616,0.397901,-0.763092,1.514798,42.294294,-47.021047,-126.254438
20220130181111_HX1-Ro_GRAS_NaTeCamB-F-007_SCI_N_20220130181111_20220130181111_00255_A.jpg,0.010239,0.022188,130.375364,-1073.37624,-11.602299,-0.617916,-0.46221,1.571392,-73.194061,-36.195877,104.709063
20220112072337_HX1-Ro_GRAS_NaTeCamB-F-008_SCI_N_20220112072337_20220112072337_00237_A.jpg,0.010239,0.022188,92.270385,-984.89616,-10.143289,0.277832,-0.702257,1.54313,69.074848,-36.846227,-99.261371
20220119115654_HX1-Ro_GRAS_NaTeCamB-F-008_SCI_N_20220119115654_20220119115654_00244_A.jpg,0.010239,0.022188,143.211949,-1016.19108,-12.014616,0.388222,-0.703462,1.534931,62.957895,-39.377404,-105.528268
20220122135800_HX1-Ro_GRAS_NaTeCamB-F-008_SCI_N_20220122135800_20220122135800_00247_A.jpg,0.010239,0.022188,143.211949,-1016.19108,-12.014616,0.400117,-0.674531,1.514002,56.115491,-23.642518,-102.617875
20220130181246_HX1-Ro_GRAS_NaTeCamB-F-008_SCI_N_20220130181246_20220130181246_00255_A.jpg,0.010239,0.022188,130.375364,-1073.37624,-11.602299,-0.544647,-0.444936,1.567481,-54.943198,-62.778782,127.145568
20220112072512_HX1-Ro_GRAS_NaTeCamB-F-009_SCI_N_20220112072512_20220112072512_00237_A.jpg,0.010239,0.022188,92.270385,-984.89616,-10.143289,0.243731,-0.635034,1.543444,72.342073,-8.129437,-89.838983
20220122135935_HX1-Ro_GRAS_NaTeCamB-F-009_SCI_N_20220122135935_20220122135935_00247_A.jpg,0.010239,0.022188,143.211949,-1016.19108,-12.014616,0.357861,-0.59696,1.513828,58.938124,1.999248,-86.673619
20220130181421_HX1-Ro_GRAS_NaTeCamB-F-009_SCI_N_20220130181421_20220130181421_00255_A.jpg,0.010239,0.022188,130.375364,-1073.37624,-11.602299,-0.489748,-0.393327,1.565354,22.229543,-71.561813,-151.900323
20220112072647_HX1-Ro_GRAS_NaTeCamB-F-010_SCI_N_20220112072647_20220112072647_00237_A.jpg,0.010239,0.022188,92.270385,-984.89616,-10.143289,0.18064,-0.593825,1.545273,70.942723,20.707742,-81.548569
20220122140110_HX1-Ro_GRAS_NaTeCamB-F-010_SCI_N_20220122140110_20220122140110_00247_A.jpg,0.010239,0.022188,143.211949,-1016.19108,-12.014616,0.282509,-0.550867,1.51432,54.323686,27.406312,-70.071814
20220130181556_HX1-Ro_GRAS_NaTeCamB-F-010_SCI_N_20220130181556_20220130181556_00255_A.jpg,0.010239,0.022188,130.375364,-1073.37624,-11.602299,-0.467899,-0.321185,1.56558,61.364256,-48.843323,-108.839891
20220112072822_HX1-Ro_GRAS_NaTeCamB-F-011_SCI_N_20220112072822_20220112072822_00237_A.jpg,0.010239,0.022188,92.270385,-984.89616,-10.143289,0.105431,-0.589651,1.548129,62.893132,48.849621,-68.677764
20220122140245_HX1-Ro_GRAS_NaTeCamB-F-011_SCI_N_20220122140245_20220122140245_00247_A.jpg,0.010239,0.022188,143.211949,-1016.19108,-12.014616,0.194211,-0.548579,1.515347,37.18198,49.591198,-43.748712
20220130181731_HX1-Ro_GRAS_NaTeCamB-F-011_SCI_N_20220130181731_20220130181731_00255_A.jpg,0.010239,0.022188,130.375364,-1073.37624,-11.602299,-0.484943,-0.247801,1.568099,69.691169,-20.752897,-95.80362
20220112072957_HX1-Ro_GRAS_NaTeCamB-F-012_SCI_N_20220112072957_20220112072957_00237_A.jpg,0.010239,0.022188,92.270385,-984.89616,-10.143289,0.038217,-0.623629,1.551248,24.181317,71.793408,-25.949407
20220122140420_HX1-Ro_GRAS_NaTeCamB-F-012_SCI_N_20220122140420_20220122140420_00247_A.jpg,0.010239,0.022188,143.211949,-1016.19108,-12.014616,0.116581,-0.590706,1.516634,-4.910414,59.067882,6.48197
20220130181906_HX1-Ro_GRAS_NaTeCamB-F-012_SCI_N_20220130181906_20220130181906_00255_A.jpg,0.010239,0.022188,130.375364,-1073.37624,-11.602299,-0.536323,-0.192802,1.572236,71.276808,8.074971,-87.490721
